signer,trade_count
7dGrdJRYtsNR8UYxZ3TnifXGjGc9eRYLq9sELwYpuuUu,1229
7rtiKSUDLBm59b1SBmD9oajcP8xE64vAGSMbAN5CXy1q,1161
JD38n7ynKYcgPpF7k1BhXEeREu1KqptU93fVGy3S624k,1140
7rhxnLV8C77o6d8oz26AgK8x8m5ePsdeRawjqvojbjnQ,1027
2fWyMU2S5ZJMwq9Ay2bwvnfRfiugkJbjWZ8WqKMtD8my,967
JD25qVdtd65FoiXNmR89JjmoJdYk9sjYQeSTZAALFiMy,883
GCvHhEUYQwTJ8jyf8Lc4bv8jBXyZU4LMMsZCobwEPzvM,549
NHtdVXcUuzULRJ3GkupLnZcxmUZ4rTP1u9kVkRzcash,511
HjiNTb9SJzVi9fc3ekr5PUMd3fCkFwEwAde52vDQD3hs,347
j1oAbxxiDUWvoHxEDhWE7THLjEkDQW2cSHYn2vttxTF,191
j1opmdubY84LUeidrPCsSGskTCYmeJVzds1UWm6nngb,184
HvFdDWS3RqymRAVx1ZdoL2RjiC38r5dtt19Z8op5jqDK,171
5YET3YapxD6to6rqPqTWB3R9pSbURy6yduuUtoZkzoPX,160
ZG98FUCjb8mJ824Gbs6RsgVmr1FhXb2oNiJHa2dwmPd,132
FT62s8v3phwAmhEP2FWvqy2UW1RngeAkh59yZfL3xjkD,96
YpnnUu1ZPHpAzy4xggEd5pBTbu1aDayXuARsYsavNs9,89
j1oeQoPeuEDmjvyMwBmCWexzCQup77kbKKxV59CnYbd,87
BTf4A2exGK9BCVDNzy65b9dUzXgMqB4weVkvTMFQsadd,79
bobCPc5nqVoX7r8gKzCMPLrKjFidjnSCrAdcYGCH2Ye,69
nya666pQkP3PzWxi7JngU3rRMHuc7zbLK8c8wxQ4qpT,56
55NQkFDwwW8noThkL9Rd5ngbgUU36fYZeos1k5ZwjGdn,55
9PHm2cYU8DhwBrbRsqqAjhW9uXVrNR1RaLsvo9oGVeaq,53
JDd3hy3gQn2V982mi1zqhNqUw1GfV2UL6g76STojCJPN,47
6jvYtr9G5WQnKs3cFsFtKmEfkbEnUXFhBKsmZad26QPV,45
5Dr7kc6U9hrwv1PQz67nyvhUpvXdQibt6L8RHwUrt2L4,37
3LkGTjNsF2zWc2ddBPHYyEJJZKqbdHJDgfjztxnjwL5R,36
AWPmgAr6xDJUhCa2Wxna5gd14UT98hicTXdow9XkYnNX,35
v2yNhm4KkC87MdBkvvYiMVP7UdSyNYLrfXrFte8A5a7,35
8NgW4LgwnTL3mHZknDF9aP9mxApsP8WK566v4Cg9Xi3t,34
86AEJExyjeNNgcp7GrAvCXTDicf5aGWgoERbXFiG1EdD,31
2Rf9qzW9rhCnJmEbErrHDDZfeEXtemYdLkyJ1TE12pa7,30
CyWkreAujSVwRagThE4hUPAYYwyZExJ4T3nsxEym5WUZ,30
ELmnTc6rb3uVhcfnr9ispNbRAzur6Bj2rL23gYRjnyqr,28
BCagckXeMChUKrHEd6fKFA1uiWDtcmCXMsqaheLiUPJd,28
6B6idUnhH5GpaNahVVLHgwacqr5uHVPobZpfDFBXV3qr,25
A1GC8eqyezWb5gbgaLxzg93LgP84SXhLZymmv7g4t87a,24
qNGhUruCGJpXJdsnV74USHErcbm3CrXRsnP8D6Z34Hh,23
86v5Q9268B6RNy3SmTmVH5VcHGXQMW2RCRGJLgBx4C1i,20
GEe8eQ1cBH8cXX2Nba4xFhKMpH9KxSre3c3uMVD5yXRJ,19
MgdgECXoT498458YjwhyxJB83y4Uu78yCTjsygouxBa,17
Ge8xkdPrPU2tP22nKWBHocCZ6ezfHTLGHZzLsPmEtozH,17
4632BMWY69AkVHxN1XLKVuLrednYiLccuMeoXnQBMA7Z,16
CWaTfG6yzJPQRY5P53nQYHdHLjCJGxpC7EWo5wzGqs3n,16
F7RV6aBWfniixoFkQNWmRwznDj2vae2XbusFfvMMjtbE,16
2kv8X2a9bxnBM8NKLc6BBTX2z13GFNRL4oRotMUJRva9,15
G3g1CKqKWSVEVURZDNMazDBv7YAhMNTjhJBVRTiKZygk,15
5B52w1ZW9tuwUduueP5J7HXz5AcGfruGoX6YoAudvyxG,15
8SkyuyX8CzJit268LzV9rDKMpK7egU3oEozd4mdpvAs6,15
696969Y6orZEjp4gZtwcCZS7TNVuhMVE6G5mFvdJ4mYq,14
6doru6Tz7baSb5FGHdxEjHaZ7dqzy3fAKEeQCy9QFrJx,14
mW4PZB45isHmnjGkLpJvjKBzVS5NXzTJ8UDyug4gTsM,14
FukudCCa2hKbQxFAU3ZuwY3fAiNaLpkTWTBepGdY9hhz,14
Yc4NVCL2HjxRFoWLjwNY5dA7pRERriw85kAUYPf5Yb5,14
CJX5rmStnxBPKbUfScTXmDquj7VUETFFpCuBVQMap7q,13
BiYaL1KNnzfZAnu3jLBRTcYcmCW2TT2TABWU8RFLqy93,12
FRbUNvGxYNC1eFngpn7AD3f14aKKTJVC6zSMtvj2dyCS,12
EZvyYN1Q98yPJXh8FCTx94ZYFeo6wtJ544hKdAF72QyU,12
HvDf4Cxd2evdYueLhK5LoaiEvDXFXgb1uRrkoYPdvHfH,12
5PvBRrFPvFPiMtphrmvrbL7uDzPZZRxWPLmVrySksoU1,11
DZvrwLF8wEA7X7iAAF8uus17kgMgHsBJiqohg2YbNx5K,11
DYAn4XpAkN5mhiXkRB7dGq4Jadnx6XYgu8L5b3WGhbrt,11
5sDd7pAd9DNJU5kTupGNhT3tX9iSY8q9eWQAwpSRGDaz,11
H9fEJwjHBcK1xcS9kGRDeoXCnHjbxEBqMw5NJkFTH4ng,11
BM8p5MKpGaFeAGEVhpEhRZWe8Lo1DWyF4eMsLTAmgst4,11
H3n9e27c6JZgzZAeRCkBqHGpVXy2vGFRzxtxn77XZ8WV,10
AowTUid5daQr9EqwazF7hDm3jBTQSisv6LaHGhQL8k92,10
Ajbzpu41E58ZeZ9fTT27cwsKetRxMv7BHFzYsT5w3Ski,10
7va7z9jNBXKUtKUKokLLfet4MeSgGq43tzBaVtDFkEGR,10
9XLonXfbZqBp66WRDScfRp1MJYKd4k4tUDibMQBLJehJ,9
ET3gKMeLqEEU9ybffnio1zmarzreu8ZWTwP7iooMuogq,9
CgbJaw2KhLEbbE1kRxbfqgWPGSUfEp6bxrm6k3RiATGQ,9
HyNiuntjo51d5paTG7rX5XLLAAi68GQMN1STwSmvna4F,9
GMG7x922cTmn8TNHAGJzXVeSineQCKXZ8ztQP5fdPBiV,8
D7UV55aiwhp92i6K5Sfttsou3Ehim2YxbbpkeYbWCApG,8
ANn9kRkWnZndoJt9RjWhbBb48ceSjvC7Gj6pioYTfYdf,8
B3EMjHDswVZbt8rwNYRxB3sHhxY5aNX8GKwN4k41XbEM,8
GJA1HEbxGnqBhBifH9uQauzXSB53to5rhDrzmKxhSU65,8
Eq6wAAmRousvg6mmNKjGhaCobUgMwhEkysHkqRMtqWeB,8
FewJzJkpFXedUGdUUABPAVy213amgT7fZZbVfNkAB1mo,8
4PVcrqdbQSLBwjMFDY8ThS5epfRBhBnpZF8Wb6pRAHNz,8
HF2Lw2tYs4B3y1iqz6iw2f4wTjrn14KppvAezcm7TAT3,7
8oFNuyY7tA4Cw6dqamxzciAUYqPPCvckoT9srhvvUWkx,7
7dmKNnNVW8hHdXKt68AHLFvmWUyb7VRfJjWeKMuxTdvo,7
44rqiYTQe4haAgfKJRmnrBtSwy4c2vfY4QJtLk6xVx4k,7
9ecRdqNCBxwReiY2pxtnLeayeBzE1CrSSmKKJJGdmsaJ,7
5yyLbqxvP5VG4HBTVj4SGxkqnoJbPULG8BJZRGyFc1FV,7
3kebnKw7cPdSkLRfiMEALyZJGZ4wdiSRvmoN4rD1yPzV,7
B27vwq89vX3oDa8fFNGiqQWB2wRiSmsmD8Hw2JuRefC8,6
13VNFeFfmLicZNc52qsVSJVai1LMVSs9q6rqABQ9FCTX,6
CYxVq9uQzBw8pH4NLq9259jm7JxfjL11hhiFLboczdZ1,6
4DVRKvR1egmtFGKGx8Veo6ynpLP9Jbt8hddcHSqkxyJn,6
73f1cxg7cMM52fdLjKXcadKhi7GWV6MSZkWrdq7w7bNM,6
F2SuErm4MviWJ2HzKXk2nuzBC6xe883CFWUDCPz6cyWm,6
78x7u7jwmSyRZYpKvknTsMaDzCSuYtRsiAvvzPDwLQ44,6
HPkQu4osTzt3reYjYX8CHufGCGgHesc7PqG6WdhcY4p9,6
BieeZkdnBAgNYknzo3RH2vku7FcPkFZMZmRJANh2TpW,5
Cpva5FVhsAii2jNCrSagGnYmNiKV7up6hmLL9tmgj6w4,5
CtYDqNRtRxgCd66cGXNScnnSEEY1q1bWu5D9dhTEoftn,5
21TJD7nJKi9kAzugjBqDJHEmvr6Z7nZnEMumHAQ8txK9,5
2M6NS87tJVGNSizhBWqkA1cGQo89iTZxEgLE35LQV9bt,5
EkdufwKmdQkdB9U2a564uTPnufWhJtCNszD15ZYWrj3k,5
2nboGGFfbXzkuM9Xbqka6gWnq33iNuBM25yMezKsyzEa,5
57eyznhEvGF916DtYDG1YzdDLQY2Pe1nMmMCC9X36Lgv,5
AxijGEBnpsitVQGrUncS38sSo8DKypRadtnfvxMwGfCW,4
J8puHAy3B5ikUiEjrNCRBxB2xWnhqRSiqM99YNaCY7hX,4
GuCLYGxDLXCfpRqWWsyCma4ZmBN5PQurtshgKnuG3ceh,4
GQva3CGJNAiBxzPYjNaamHeyQ2shnCmPpwp2bbiRW9K,4
2kRADXoxL7DMmShKXEfvXTpwjL32yuuGRoPCnnYX3UR8,4
8Nty9vLxN3ZtT4DQjJ5uFrKtvan28rySiGVJ5dPzu81u,4
C3nLTNMK6Ao1s3J1CQhv8GbT3NoMmifWoi9PGEcYd9hP,4
5qWCWMbi2pUoPQt43Ehvqy9mDT62yu4QpE66mDUkWzLc,4
HmPnBxKV76rLkUES5ZoQXETMS8Xb2Z3z95Y17v3e6Qvj,4
HLLXwFZN9CHTct5K4YpucZ137aji27EkkJ1ZaZE7JVmk,4
j8RJ2H1w1d3GbPPQ2tBLtWkkGmHDCnxadDkfFt8DbfM,4
GhWUQ5rXARkt42JwgY3YbPCRUhNM3facuyHPsqPTSpgH,4
EtaEri9SPJcy3JmUAyRVNeaqP4CLECKPW8FfPi5TXm4b,4
tYGCfzdZTXEkG9rvbxUH8f8AgGmPRNDdMPkR1ERcCu8,4
GMqwf2ct8runQarHgHxkbXgcMBJzwjVoL525ZLCAFLB2,4
7Dt5oUpxHWuKH8bCTXDLz2j3JyxA7jEmtzqCG6pnh96X,4
8Eu2KzMDkgAGCiaLXVKnoxeLXbb6UovDKpjbTFAnyZ9t,4
rYdMw1XCL9TFiNKQMu9Rx7vc3W8c8rN725JjqQabjww,4
CKATVkCcJUjpm5xJyjwKdXiJ1LqhDEDr3hQDYkFN9ZFv,4
9jf3ReD777SumorHfF1K3UsVMrbrqhkoKjuKNZWsEA8j,4
HsvNsbWPv5z8irdQhL3NT5Ps6KFSEDJm15dUuAHjiuay,4
75ZGm6Q9tvqjHuAj1QNbtN1fUGoP6yGYLXoG8mCS4s9j,4
ETsnVct5JRXaxrbEU9Gns3BwbgbswW85n4XiA6v2Sm3Z,4
GVzbDtKmB9xejKJkUnwskRSY7FXivgQtL7KLLx4pc42X,4
2xw1iNSpsfBnp75y9dfaanVEL8UzqEyTqx9PpS3EdCKh,4
8yJFWmVTQq69p6VJxGwpzW7ii7c5J9GRAtHCNMMQPydj,4
3SYQn32YG7XowiCzXKuXqnqBWtFvQDp3WeK36eE8rTEi,4
5AzRCCAf4HKWHb1MwkHeZnTjBMaZkktu9UnHb4sJab9o,3
TeftEcGLpejE6aLU7YqMopbMqseYvQABNRwyFYTCxGq,3
HNhjfuDnmS9PG18WgjAtLnkDUJBirdGxRPbVVaWSfBzm,3
AiCkGXSgkU8j9hBTu2jFXTHo1qo9AND5sc7oUkfmhKyV,3
J2ShEjL13wsRGqeznGeD5Ei37yD8fu4o187QA99bB7Ac,3
9LkGn75BfQcyZEvgnFrD8aL7Sv9yAZmaCiktuaRLxSki,3
GijFWw4oNyh9ko3FaZforNsi3jk6wDovARpkKahPD4o5,3
A2U5owsnFK2jzgBguZCDqXsPzra7ufpYG5N6CFCeQrk6,3
8Fb1HWGpyopD3oE4QT4ocAMiPxVsT2QDcn9XqTsuJdSo,3
B7irEJTaF6pvWrnt8Qw33tkU2QRoqXxrxbUM4XKaw1pu,3
AR76YMMrA9U9dY5gEjF6kdUYnGkqhpRNvA58Q36bqcPe,3
BmtXgnJUPSj2C2bhzqGScN5YYRARnEDdXdLheP2RWES6,3
525LueqAyZJueCoiisfWy6nyh4MTvmF4X9jSqi6efXJT,3
7pDhG6NqfzQzw5KvtGXJbVRUh4iTBgYAn68BSKjdMNC1,3
BKKJtyzpE5He7uDtqcFgaXh5UZ6tZ14ZjRVaaJQrs7ho,3
96sErVjEN7LNJ6Uvj63bdRWZxNuBngj56fnT9biHLKBf,3
B4LAkaYP6APb9UNqDfaC73RxhaTs4ttXrHFTPs1qgKsb,3
6jQhabQe6fF4FXwq79oDxHPLAAXJGM89f8LxnAPd6EZr,3
FFHDAUBDrLRFjmEckiGn4HpuHeji5TD9WbUs81XYTvkh,3
AoxynPxKeeNuWCQQhxpYFghJaDzUTRc6LLkzsQbqBQjK,3
8rvAsDKeAcEjEkiZMug9k8v1y8mW6gQQiMobd89Uy7qR,3
XDNyLB5cJF1DYp9BK3j2HfGjDpsQ3NrTcdMDtiihXpP,3
C5xCqdLR3ZGZ12AfawEfHUzAw8LMgHmWeP1JyAfGm5Xp,3
Hw1rui676oto8k57WxsGZPb7eMv3KQeSv3tzNfGoesbU,3
7H3bQRRCPjUyDt2i6wqLyWhjLQWUWPfHQjC2guRkb8Vu,3
HBXVR4VLwAPwN49bBSuhSaqtQuaXcHNwiZ4hWLEQd8Qe,2
BHVncfhfTNSbD9nBvRQxKQPfutLiecazRfGPWreKYiyE,2
2YqTcTMDFD2vvVHcc8Wd61zwLiWaDZvAKrzXFW1adZ3K,2
JBtpQh1CBGwEjB3DLqD3EC2VVaWHWR6Yeyjs9UuQmwss,2
EUTGz6e8o9Wh4mBe3mJ4B1Xwu5VfeZhy5ph3VscPdYPT,2
9dXfaQPpHvf8MPnV3yk5qc3Tf8aX5LJPSEhTRWkvVsFa,2
CbF4KW1b9BNMHt2tALBVY1t3EKzQH6YdVcqLjCDZ7d9b,2
FQTftdZ6eFFoDEPFfrReQm9d5JNTDi77kG4MfwnvSVM9,2
3o4JV2ocxnVW1Y4E6adTqwgm6FwJ1DWiNJ4FzkP2maXd,2
9qwaSWoucPKHpuMohsPLiV1zXu4LDjVnL6922EcQ7HDU,2
FvZFd4Q8m2fgCFP6jPzGLDwBjDKKyxdKUs5ifqwD5F7W,2
4gGEFCmiTz4cLgxiaVVPzbKzWYWT3hpxxnRG3YmqaQZF,2
B8VrcmWbuVHAuzsEfnbBbu2kiFcxvR2C4YHUKDq1jFjd,2
BoBo2S28s9E2gE2qMJPSMFUvdptpBCXaRhLg6UYR8teE,2
9zpmefaLz7g35GJ6TyD4FW1vFumXBHPYzuxNYAEibLHj,2
2XxLk4GPQStFRoaHTU16fMwq8XuBGFcJkFcKhH28iY13,2
6EpqPPvBtxH4wUeWSFyXv9Ngby1HnJzmhsUyCDizk9MD,2
BtBdamB3EU9ztu7pbwgXbUJGuAqcU9a1mGbBB1vzyM4X,2
D8Qr8H2BSr4nDKCaeDJhNCun4youj1621ev5YDFTSzmk,2
J6TDXvarvpBdPXTaTU8eJbtso1PUCYKGkVtMKUUY8iEa,2
3WLcdAXodTV3kGHVqSmZxsFXga1gD1h3AaLmHEUXuHN2,2
5UBHe7Nq3hBokseT5LFLjaV6c1pvvCwyKk1RRHrr3J48,2
8wxQ4soSvckbjATrg8M22Tv2dkywKxXz31UqDqEcLHu,2
2Xk5xzRH7bhtZbJfwn2jtvvwS2basLXxJRRr3DQLpr3h,2
Lg6AmN8dfeSvCeTRzWybYtwL2AL6qmiWv4YGkpqEC9r,2
ALtWFdkrvAkrVbGfTuyiqkmzWhSW3tZfUb42gvru7Ttm,2
EVbTQp6r3mAj5bhJUDaQYpxS6uRfZy1GiDHTqRQvHCwR,2
CMCNNUCBjNknUzj6AvUcqLAebzE7WB5CY8orUPYWWjF5,2
BgJrk3AJEWf41WxThAvDCkZmxuxbt3Q4aZc1P2rrHtZV,2
GqboQE26PvziQPh2EDEx9ggL6hRGGGqTCRhH46Kjg3ii,2
JAJx7S65fp5qRVaUEoKrrvAmLACVQCPnQbX4hwc8tpRk,2
FE2MHWLTSmndBUWbbtmnfUfoKrn9NKtDCDGxCPG2h9Dy,2
AUXp52NdfbGSmf4tWHgA4sfYCsvFyfHjVQYuPdsHRTyz,2
2tLv23oQ6gDvBFZgGWhHtX2qNfokvcsshWBmv6edYb8L,2
4SbDMrX8Zfj7qZtRKTBSQEavPkc7BP1kiJfT2f3dn8RL,2
2i4ZFpsHu4y8FKhCB5xrVf6XiqnVwDaktw8CjcxEaUhw,2
3eFn5uFNZgzT6dNthgF7cgD8gD8bkmWZ2iJ57ZxQpV57,2
4uPyz7pBXPQ5qBmSmh6ZCZVFTh3ofkSK6MrDhm2VpxYc,2
eW5tencSAZZ6VNSdQBKtGecatWZmpp5WPvxRoBjwGve,2
2pPvivHVxCqnoZy6ckLweLvGdzs7b3ga99ViKe1JPFPm,2
4m4hF89TofUquuQWLKFftco1H6NcKKghcTHcUdgTr9ua,2
GvrkrwE3A7veviw7qu72EBPxhz4oPqh65ySBiHJsFKJB,2
2itf6FWdZUqUb3fKUFPGnaTgqjjvWZwzrz129LCaqFa2,2
Hmy2qvDuDXY6AZ6Towbv1ZVVW4fsDcRU9qsmTgp6YehK,2
3QokvnvMB2823B4vpnBMWEG4PgWDBDj24TNwiWyB8N3b,2
3LdFsgyZnDwgKgzaKJK4VtQwR6hWSpUTiMvhQFVAh8k7,2
74pjdhvcuoQLFVvWAXa9d6xZqY8zdP4g3tG9nFXzckiX,2
FYwQabWAdqQdvcU5bX8oni9ze4VffGVnjc8Mcdk777v9,2
HL6oZXnQP9vxDY19oX12HYK3ok2ec3q8asGuA9Zu8XKj,2
4fxpWbsubzCYqHvQFtAGETa4zqm1PZeqq8TVUCUnhmeJ,2
yKLZVzkMNmoZbATvQnKhqUbJUp6oWgJi1B98oHDhGt1,2
5LNAWJwskRkHLH7dFVdkaSeo6ms7x6PxGkAAzewN7Jhj,2
5D6UYcnKqSHhYZUcezDaykATzu573bRM2QRurEUqQJp6,1
qWHgwm7wzZYFEs3juzLCsrA3Go7rgyDqMc6VY7i2PKz,1
LiDddoQr3CEBwuwr1H54etqxkKh8LQ6Y23ZW7zj4cJr,1
335VKkHgVfQCeEJzxRJQZuqACktyeHR2wHpTBgEF6SMs,1
tJargMaeciu3R3r8P9V6ndsBRXjY4boKPe24ExU36GM,1
2vLJku9Ct8RYnTNnU13Q88sJenf9vyidwZGSpVFBhfbr,1
4D8DrQnajJ8xYCeabdH979vaMWTazLMv2cFxAPRuow3v,1
FWNFf9ktTnvhVcvzLFuARZ1hszdJB7sC5znVtZon3V7G,1
7ybWzw2aVutwpPeU73rC7HwDrTk73icCwAWECTeDH35u,1
44bvXefa3zqf14pQY47zPXptwtjf1TgHFjgHsBkFNejm,1
AVniRdCr7e4q3G1LKAVkg8XqmyaGgghWH399buC9G8hP,1
4R2jyL4MC8g8K38LUCDb1xkLcvHnpYgbZxJttor3bsLv,1
D2ZrLTbQdqHq8B7UVJm2FMjxeBy2auNjEgSguPL4isjC,1
6SqUqKegt8j7NuLMoGojcNYTpN4tcKDwBPGZha4wGoaM,1
5ubKiFbJ7ubK9tGqDrMXEs6p23tmUaSnNNQdstoiNqVd,1
36m4uq18YTXjKdx8faXFxyVurwawrZXpSYv6KmUEBdkr,1
DPV1sitzBKgEijSb4ZuojGqRde7Df3e3Vak5WoEeG7n1,1
6Gc8Rqajk6xuQiP4coZ5tavnhHKrhNLujJ7Y9W1MP4L5,1
4YzpSZpxDdjNf3unjkCtdWEsz2FL5mok7e5XQaDNqry8,1
EcKsgbPqi84QtvsraBMmJNcKQ1t8nnFXpsrSiKB29FEh,1
ADj7cSMTyoB4cyx2puLN5uTyzZDJdtwQ1KxST5GRtkTL,1
D25CB5jVmdPX2yQif52LGpFDejRz9sYWNKLNLoHeYrUG,1
F23K6divZ8Q3Z1QCz1eSThwfkoWbQQGDxidcpRSZj4Kq,1
4cB43Q1ei56tSySHd4twm9i7TwbFWFuWCxFjWkWS9BVm,1
Ape3ZcbwowPHxt4fLE8BhXV5LqVDSHWM9Sz9fHobMb9k,1
73Yoaz9LLso4vZWR8m7ZfZt4d1AgobM5ztzUjuhYiUwz,1
pPnvzTiNwYxPHSzN7hVdxJJpAcqtubtaXYMZNFTYMiR,1
M5Q1hFKopMr2DyNabEkrgoh6tGaF6z6NVQZ5SGUPss8,1
B5WzL8sbHDawcwWmnUpA1ts8k51UxcWTZkGC4cfvVVpV,1
5i3khs6DC8sP2EhMzgfdmboobMTiL2Qx4tKwqj7Yw5Xx,1
Fu4XuUuogRKYxNFWM4ZWzCaHC4XdGD8Brs73uwa8avMc,1
2QpZQrsFsBhjrXycXBFhegV4KtXsPKmN76Ec4gJPEqfF,1
AT1QapmFi38DNKgbvPyUvMnkYm84Y6KWvh7DfR4U9ojM,1
C47KQ7TFwupsLGq5nYLA6YJwTUPCdE2hrdziTwZARR4c,1
5Hsi3fMB61sbfPoVWiHSVLEf8P7BeR4LX5mQ65MNPS7y,1
6TK6VAWvwfTswixnnrKViwo2mNdQqfVNoUYj2nhrH9Xv,1
6eMdHkwtFJ1BRYztdSFFnCWsbGvZvUL5bsrGQB96zVuy,1
GGUEcvmWaF1qwt4wzAe3TwmmCMk564sXv6DCCSVacbsn,1
Bvrb8W81Kr3JsX73jmjCVtAjofMK98dRmVJ1TERjsMkG,1
BJ7eF5jg8rzoeYUY7rEr7ucS9UF52YxyuHaGsQ8aRsKc,1
ACHhRQMbTxuWqU3bmbBbgUNGsPsYnvB8KLcPkkXCY1C7,1
EKNdS7dmcQNKiHeAw9KybcR7Nss7DJRSYbn6JNxXVekb,1
9bZ9PyDDmSXMk3wc9cAf3TKJ5svvyC5Kde4soXbNknPB,1
LGLDRembAFreaCd9uSSvURTb3phoRdbskDCxpX46seB,1
2XBvGhvRZbbEgwMT5fn8GRPVKpGkZYEgBL6okkgfTcED,1
J1nAykSBcSa46zYJZ9snVSFfyrr16y6285yC5TkzU3Ug,1
HJd1kLgxVY6zVFkir85a6cX5b8MVCz3Br24UcoMj9EiH,1
4S6Fmr9bqgRb3M4WjHbNWTUsBJG2sGtBnPEDSWJLeKbo,1
CWwcKzRcgthfZPMimNWU4y3MaaJixSC4oeDmgiJKogW3,1
B9d5N2EKKeXWH9nu5xAnUcKZkXDjure99A35TDCoYCSW,1
FxzEAtYauESNCZLqN1f62rcPDaBU7TMThaU463LmsbZY,1
